site,aa,count,rank,freq
121,L,2951,1,0.6213939776795114
121,I,797,2,0.16782480522215204
121,M,510,3,0.10739102969046115
121,Q,173,4,0.036428721836176035
121,H,158,5,0.03327016213939777
121,K,76,6,0.01600336913034323
121,P,23,7,0.004843124868393346
121,V,11,8,0.0023162771109707307
121,A,9,9,0.0018951358180669614
121,F,8,10,0.0016845651716150768
121,R,6,11,0.0012634238787113076
121,T,6,12,0.0012634238787113076
121,S,5,13,0.0010528532322594231
121,E,4,14,0.0008422825858075384
121,C,3,15,0.0006317119393556538
121,Y,3,16,0.0006317119393556538
121,G,2,17,0.0004211412929037692
121,W,2,18,0.0004211412929037692
121,D,1,19,0.0002105706464518846
121,*,1,20,0.0002105706464518846
125,L,2998,1,0.6302291360100903
125,I,1697,2,0.3567374395627496
125,P,11,3,0.002312381753205802
125,R,9,4,0.0018919487071683834
125,V,7,5,0.001471515661130965
125,Q,6,6,0.0012612991381122556
125,T,5,7,0.0010510826150935463
125,M,5,8,0.0010510826150935463
125,S,5,9,0.0010510826150935463
125,Y,4,10,0.0008408660920748371
125,F,3,11,0.0006306495690561278
125,H,2,12,0.00042043304603741857
125,E,2,13,0.00042043304603741857
125,G,1,14,0.00021021652301870928
125,*,1,15,0.00021021652301870928
125,D,1,16,0.00021021652301870928
126,Y,2339,1,0.4922138047138047
126,F,1788,2,0.37626262626262624
126,L,576,3,0.12121212121212122
126,S,10,4,0.0021043771043771043
126,T,6,5,0.0012626262626262627
126,D,5,6,0.0010521885521885522
126,C,5,7,0.0010521885521885522
126,P,4,8,0.0008417508417508417
126,H,4,9,0.0008417508417508417
126,G,3,10,0.0006313131313131314
126,I,3,11,0.0006313131313131314
126,V,3,12,0.0006313131313131314
126,Q,2,13,0.00042087542087542086
126,N,1,14,0.00021043771043771043
126,R,1,15,0.00021043771043771043
126,A,1,16,0.00021043771043771043
126,*,1,17,0.00021043771043771043
129,A,2302,1,0.48270077584399246
129,V,873,2,0.18305724470538898
129,M,633,3,0.13273222897882156
129,T,576,4,0.1207800377437618
129,L,357,5,0.07485846089326903
129,I,6,6,0.0012581253931641854
129,S,4,7,0.000838750262109457
129,R,4,8,0.000838750262109457
129,G,3,9,0.0006290626965820927
129,Y,2,10,0.0004193751310547285
129,E,2,11,0.0004193751310547285
129,N,2,12,0.0004193751310547285
129,F,1,13,0.00020968756552736424
129,W,1,14,0.00020968756552736424
129,D,1,15,0.00020968756552736424
129,H,1,16,0.00020968756552736424
129,P,1,17,0.00020968756552736424
168,F,2568,1,0.5393824826717076
168,V,1284,2,0.2696912413358538
168,S,606,3,0.12728418399495905
168,A,265,4,0.05566057550934678
168,L,20,5,0.004200798151648814
168,*,4,6,0.0008401596303297626
168,P,4,7,0.0008401596303297626
168,Y,3,8,0.000630119722747322
168,W,2,9,0.0004200798151648813
168,I,2,10,0.0004200798151648813
168,M,1,11,0.00021003990758244065
168,C,1,12,0.00021003990758244065
168,G,1,13,0.00021003990758244065
206,W,2697,1,0.5792525773195877
206,Y,1850,2,0.39733676975945015
206,H,17,3,0.0036512027491408935
206,C,14,4,0.003006872852233677
206,L,13,5,0.0027920962199312715
206,D,12,6,0.002577319587628866
206,S,12,7,0.002577319587628866
206,G,10,8,0.002147766323024055
206,R,9,9,0.0019329896907216496
206,*,6,10,0.001288659793814433
206,A,4,11,0.000859106529209622
206,V,3,12,0.0006443298969072165
206,E,2,13,0.000429553264604811
206,F,2,14,0.000429553264604811
206,Q,2,15,0.000429553264604811
206,P,1,16,0.0002147766323024055
206,N,1,17,0.0002147766323024055
206,T,1,18,0.0002147766323024055
223,C,2005,1,0.4287852865697177
223,A,1061,2,0.22690333618477332
223,V,999,3,0.21364414029084688
223,S,329,4,0.07035928143712575
223,G,193,5,0.04127459366980325
223,L,26,6,0.005560307955517536
223,F,23,7,0.004918733960650129
223,R,19,8,0.0040633019674935844
223,W,6,9,0.0012831479897348161
223,T,5,10,0.00106928999144568
223,Y,3,11,0.0006415739948674081
223,P,3,12,0.0006415739948674081
223,K,1,13,0.000213857998289136
223,H,1,14,0.000213857998289136
223,I,1,15,0.000213857998289136
223,E,1,16,0.000213857998289136
